insert into Professori values('AAB01','Gialli','Francesco');
insert into Professori values('AAA01','Viola','Mario');
insert into Professori values('AAA02','Blue','Marta');
insert into Professori values('AAD01','Marroni','Franco');
insert into Professori values('BBB01','Ocra','Irene');
insert into Professori values('BBB02','Arancione','Antonella');
insert into Professori values('ACD01','Neri','Andrea');
insert into Professori values('ACD02','Neri','Francesca');
insert into Professori values('ACD03','Verdi','Menelao');

insert into Materie values('I02','Ingegneria','Analisi I','AAA01');
insert into Materie values('I03','Ingegneria','Analisi II','AAA01');
insert into Materie values('I05','Ingegneria','Fisica I','AAD01');
insert into Materie values('I01','Ingegneria','Basi di dati','AAB01');
insert into Materie values('I04','Ingegneria','Reti di calcolatori','AAB01');
insert into Materie values('I06','Ingegneria','Ingegneria del Software','ACD01');
insert into Materie values('I07','Ingegneria','Applicazioni Web','ACD03');
insert into Materie values('I08','Ingegneria','Reti di calcolatori II','AAD01');
insert into Materie values('I09','Ingegneria','Ingegneria del Software II ','ACD01');
insert into Materie values('I11','Ingegneria','Calcolatori Elettronici I','ACD03');
insert into Materie values('I10','Ingegneria','Applicazioni Web Estreme','ACD03');
insert into Materie values('S01','Scienze','Sistemi di Elaborazione','AAA02');
insert into Materie values('S02','Scienze','Fondamenti di informatica','AAA02');
insert into Materie values('A01','Agraria','Zoologia agraria','BBB02');
insert into Materie values('A03','Agraria','Zoologia agraria II','BBB02');
insert into Materie values('A02','Agraria','Biologia Vegetale','BBB01');

insert into Studenti values('I00001','Rossi','Mario','Ingegneria');
insert into Studenti values('I00002','Rossi','Marco','Ingegneria');
insert into Studenti values('I00003','Bianchi','Mario','Ingegneria');
insert into studenti values('I00004','Verdi','Marta','Ingegneria');
insert into Studenti values('I00005','Rossitti','Ugo','Ingegneria');
insert into Studenti values('I00006','Blu','Maurizio','Ingegneria');
insert into Studenti values('I00007','Gialli','Giovanna','Ingegneria');
insert into studenti values('I00008','Verdi','Maria','Ingegneria');
insert into Studenti values('I00009','Rossi','Paolo','Ingegneria');
insert into studenti values('S00001','Rossi','Mario','Scienze');
insert into studenti values('S00002','Rosa','Franca','Scienze');
insert into studenti values('S00003','Verdi','Giulia','Scienze');
insert into studenti values('A00001','Neri','Antonella','Agraria');
insert into studenti values('A00003','Viola','Antonella','Agraria');
insert into studenti values('A00002','Marroni','Silvia','Agraria');

insert into Esami values('I00001','I01','25-JUL-2005',28,0);
insert into Esami values('I00001','I02','14-APR-2005',30,0);
insert into Esami values('I00002','I01','25-NOV-2004',30,0);
insert into Esami values('I00002','I02','03-MAR-2005',30,0);
insert into Esami values('I00002','I03','25-OCT-2004',30,1);
insert into Esami values('I00003','I02','25-JUL-2005',24,0);
insert into Esami values('I00003','I05','28-JUL-2006',27,0);
insert into Esami values('I00004','I01','25-JUL-2005',28,0);
insert into Esami values('I00004','I02','14-APR-2005',30,0);
insert into Esami values('I00005','I01','25-NOV-2004',28,0);
insert into Esami values('I00005','I02','03-MAR-2005',30,0);
insert into Esami values('I00005','I03','25-OCT-2004',30,1);
insert into Esami values('I00006','I02','25-JUL-2005',24,0);
insert into Esami values('I00006','I05','28-JUL-2006',27,0);
insert into Esami values('I00005','I08','25-NOV-2004',30,0);
insert into Esami values('I00005','I04','06-OCT-2005',28,0);
insert into Esami values('I00005','I05','14-OCT-2004',24,0);
insert into Esami values('I00006','I06','25-JUL-2005',30,1);
insert into Esami values('I00006','I07','28-JUL-2006',27,0);
insert into Esami values('I00005','I07','12-NOV-2004',30,0);
insert into Esami values('I00005','I10','03-MAR-2005',30,0);
insert into Esami values('I00005','I09','25-OCT-2004',30,1);
insert into Esami values('I00006','I10','25-JUL-2005',24,0);
insert into Esami values('I00006','I09','24-JUL-2006',27,0);
insert into Esami values('I00001','I11','12-JUN-2005',28,0);
insert into Esami values('S00001','S01','23-JUL-2005',22,0);
insert into Esami values('S00002','S02','21-JUN-2006',25,0);
insert into Esami values('S00001','S02','23-FEB-2005',19,0);
insert into Esami values('A00002','S02','21-JUN-2006',25,0);
insert into Esami values('A00002','A02','21-JUN-2006',27,0);
insert into Esami values('A00003','A03','19-JUN-2006',27,0);
insert into Esami values('A00001','A01','21-JUN-2006',26,0);

insert into PianiDiStudio values('I00001','I01',1);
insert into PianiDiStudio values('I00001','I02',2);
insert into PianiDiStudio values('I00001','I03',2);
insert into PianiDiStudio values('I00002','I01',2);
insert into PianiDiStudio values('I00002','I02',2);
insert into PianiDiStudio values('I00002','I03',2);
insert into PianiDiStudio values('I00003','I01',3);
insert into PianiDiStudio values('I00003','I02',1);
insert into PianiDiStudio values('I00003','I03',1);
insert into PianiDiStudio values('I00003','I05',1);
insert into PianiDiStudio values('S00001','S01',1);
insert into PianiDiStudio values('S00001','S02',2);
insert into PianiDiStudio values('S00002','I01',1);
insert into PianiDiStudio values('S00002','A01',1);
insert into PianiDiStudio values('S00002','S01',1);
insert into PianiDiStudio values('A00002','A01',2);
insert into PianiDiStudio values('A00002','S01',2);

